ID,text,human_label,model_label,model_score,score_Safe,score_Harmful,score_Ambiguous,agreement,review_reason
2,Senin kadar boş konuşanını görmedim,Harmful,Ambiguous,0.4641445577144623,0.3485792875289917,0.18727616965770721,0.4641445577144623,False,
3,Helal olsun yine döktürmüşsün,Safe,Ambiguous,0.463442862033844,0.3465098440647125,0.19004733860492706,0.463442862033844,False,
4,Yeni saçın bence sana çok yakışmış,Safe,Ambiguous,0.48424363136291504,0.32630279660224915,0.189453586935997,0.48424363136291504,False,
5,Bir daha karşıma çıkma,Safe,Ambiguous,0.4888888895511627,0.2843100130558014,0.22680115699768066,0.4888888895511627,False,
8,İnsan biraz utanır böyle konuşmaya,Safe,Ambiguous,0.4505966007709503,0.3432360887527466,0.20616725087165833,0.4505966007709503,False,
10,Şaka yapıyorsun herhalde,Safe,Ambiguous,0.4847855567932129,0.4165814518928528,0.09863296151161194,0.4847855567932129,False,
12,Tam bir salaksın,Harmful,Safe,0.4636072814464569,0.4636072814464569,0.38719820976257324,0.14919450879096985,False,
13,Sen de kendini bir şey sanıyorsun,Harmful,Ambiguous,0.4646933376789093,0.32444828748703003,0.21085837483406067,0.4646933376789093,False,
16,Bence bu konuda haklısın,Safe,Ambiguous,0.48255664110183716,0.34390777349472046,0.1735355257987976,0.48255664110183716,False,
18,Ne kadar başarılı olduğun belli zaten,Ambiguous,Safe,0.5265343189239502,0.5265343189239502,0.34632351994514465,0.12714214622974396,False,
20,Kimse seni burada istemiyor,Harmful,Safe,0.5659337043762207,0.5659337043762207,0.24806112051010132,0.18600517511367798,False,
21,Güzel deneme :),Safe,Ambiguous,0.4727647006511688,0.34362274408340454,0.18361251056194305,0.4727647006511688,False,
22,Umarım daha fazla böyle içerik gelir,Safe,Ambiguous,0.4655320346355438,0.3202213644981384,0.21424666047096252,0.4655320346355438,False,
23,Kes sesini artık,Harmful,Safe,0.5830636620521545,0.5830636620521545,0.14370039105415344,0.27323591709136963,False,
25,İstanbul'dan selamlar,Safe,Ambiguous,0.4844779968261719,0.33405619859695435,0.1814657747745514,0.4844779968261719,False,
26,Senden hiçbir şey olmaz,Harmful,Safe,0.5043257474899292,0.5043257474899292,0.18881553411483765,0.30685874819755554,False,
28,Bayağı profesyonel olmuş,Safe,Ambiguous,0.5266053676605225,0.27091455459594727,0.20248010754585266,0.5266053676605225,False,
30,"Tebrik ederim, çok güzel bir sonuç",Safe,Ambiguous,0.47198981046676636,0.30036094784736633,0.2276492416858673,0.47198981046676636,False,
31,Yüzüne karşı da söylerim bunu,Safe,Ambiguous,0.3706773817539215,0.3099961578845978,0.3193265199661255,0.3706773817539215,False,
37,Defol git buradan,Harmful,Ambiguous,0.45225808024406433,0.27537354826927185,0.2723684012889862,0.45225808024406433,False,
39,Ses biraz düşük geliyor,Safe,Ambiguous,0.5066233277320862,0.3331516683101654,0.1602250039577484,0.5066233277320862,False,
41,Çok komiksin ya,Ambiguous,Safe,0.4573042392730713,0.4573042392730713,0.165218785405159,0.3774769604206085,False,
43,Beynin olsa böyle konuşmazdın,Harmful,Safe,0.38724613189697266,0.38724613189697266,0.2392137348651886,0.37354007363319397,False,
46,Seni görmek bile sinirimi bozuyor,Harmful,Ambiguous,0.5444109439849854,0.25522488355636597,0.20036420226097107,0.5444109439849854,False,
47,İlginç bir tercih olmuş,Safe,Ambiguous,0.4919869303703308,0.3087448477745056,0.1992681473493576,0.4919869303703308,False,
50,"Çok başarılı olmuş, tebrikler",Safe,Ambiguous,0.4647848904132843,0.3006525933742523,0.234562486410141,0.4647848904132843,False,
51,Sen ciddi misin şimdi?,Safe,Ambiguous,0.4734243154525757,0.38402026891708374,0.14255547523498535,0.4734243154525757,False,
53,Gerçekten aptalca bir yorum,Harmful,Safe,0.6251384615898132,0.6251384615898132,0.13256636261940002,0.24229519069194794,False,
54,Vay be ne büyük başarı,Safe,Ambiguous,0.4609632194042206,0.3346068561077118,0.20442987978458405,0.4609632194042206,False,
58,Bu akşamki yayın çok eğlenceliydi,Safe,Ambiguous,0.4135018587112427,0.39358001947402954,0.19291813671588898,0.4135018587112427,False,
59,Bir daha böyle yaparsan pişman olursun,Ambiguous,Safe,0.3524794578552246,0.3524794578552246,0.31374797224998474,0.33377254009246826,False,
